{
    "id": "/SwapQuoteRequestSchema",
    "properties": {
        "sellToken": {
            "type": "string"
        },
        "buyToken": {
            "type": "string"
        },
        "sellAmount": {
            "$ref": "/wholeNumberSchema"
        },
        "buyAmount": {
            "$ref": "/wholeNumberSchema"
        },
        "takerAddress": {
            "$ref": "/addressSchema"
        },
        "affiliateAddress": {
            "$ref": "/addressSchema"
        },
        "gasPrice": {
            "$ref": "/wholeNumberSchema"
        },
        "slippagePercentage": {
            "$ref": "/numberSchema"
        },
        "excludedSources": {
            "type": "string"
        },
        "includedSources": {
            "type": "string"
        },
        "intentOnFilling": {
            "type": "string",
            "enum": ["true", "false"]
        },
        "skipValidation": {
            "type": "string",
            "enum": ["true", "false"]
        },
        "sellTokenPercentageFee": {
            "$ref": "/numberSchema"
        },
        "buyTokenPercentageFee": {
            "$ref": "/numberSchema"
        },
        "feeRecipient": {
            "$ref": "/addressSchema"
        },
        "enableSlippageProtection": {
            "type": "string",
            "enum": ["true", "false"]
        }
    },
    "oneOf": [
        {
            "id": "sellAmount",
            "required": ["sellAmount"]
        },
        {
            "id": "buyAmount",
            "required": ["buyAmount"]
        }
    ],
    "type": "object"
}
